base,dataset,probe,layer,n,base_acc,auroc,auprc,aurc,auarc,sel_acc@0.25,sel_acc@0.50,sel_acc@0.75,cov@risk<=0.05,cov@risk<=0.10,cov@risk<=0.20,brier,brier_reliability,brier_resolution,brier_uncertainty,ece
qwen7b,id,DCP_mlp,20,500,0.568,0.7992224178403755,0.8408762392163036,0.21494474970654376,0.7830552502934562,0.896,0.792,0.6826666666666666,0.18,0.242,0.46,0.22981407667420717,0.04829349791258958,0.0633266178332797,0.245376,0.2094701527557609
qwen7b,id,SEPs_logreg,24,500,0.568,0.793834767866458,0.8410050297582398,0.2149832346753996,0.7830167653246005,0.904,0.796,0.664,0.084,0.25,0.492,0.22261338003870032,0.0434661211440209,0.06343812232594429,0.245376,0.19233720093653728
qwen7b,id,SEPs_ridge,27,500,0.568,0.7384259259259258,0.7714188799073154,0.26284667870570055,0.7351533212942993,0.832,0.736,0.6533333333333333,0.0,0.112,0.31,,,,,
qwen7b,id,ARD_mlp,20,500,0.568,0.7859448356807512,0.8174891536757257,0.23023012620363648,0.7677698737963635,0.84,0.78,0.68,0.126,0.172,0.452,0.18635955058496909,0.003721516348757507,0.06105201300746891,0.245376,0.06962186970080933
qwen7b,id,ARD_ridge,24,500,0.568,0.7703442879499218,0.8089922376918306,0.23614071875604573,0.7618592812439542,0.856,0.776,0.6693333333333333,0.016,0.154,0.462,0.19315052437056432,0.0034776624813822265,0.055502311452815596,0.245376,0.05034685409704344
qwen7b,hotpotqa,DCP_mlp,16,500,0.33000001311302185,0.7302487562189055,0.5364426830395044,0.5158054933487258,0.48219450665127417,0.6079999804496765,0.47600001096725464,0.3919999897480011,0.0,0.0,0.0,0.2659919487648186,0.07609827412138165,0.0306599571180363,0.2211,0.26866454925667504
qwen7b,hotpotqa,SEPs_logreg,16,500,0.33000001311302185,0.7243600180913614,0.5342260022856987,0.5183995745840624,0.4796004254159376,0.5920000076293945,0.492000013589859,0.3840000033378601,0.004,0.004,0.004,0.2939903561918476,0.08630641429532619,0.011414221946112607,0.2211,0.28968035255481733
qwen7b,hotpotqa,SEPs_ridge,16,500,0.33000001311302185,0.6837991858887382,0.5191085026387322,0.5314786510836957,0.4665213489163043,0.5360000133514404,0.4440000057220459,0.3840000033378601,0.01,0.01,0.014,,,,,
qwen7b,nq,DCP_mlp,20,500,0.328000009059906,0.6672927555168409,0.4497895458001149,0.5688106754624831,0.42918932453751696,0.5120000243186951,0.4359999895095825,0.3866666555404663,0.0,0.0,0.0,0.3743929642592087,0.17258443928671824,0.01801362442035169,0.22041599999999997,0.36897170085273684
qwen7b,nq,SEPs_logreg,20,500,0.328000009059906,0.6614220383275261,0.44501737208313175,0.5767758627295538,0.4212241372704461,0.4880000054836273,0.4320000112056732,0.3893333375453949,0.0,0.0,0.0,0.35584542729416396,0.15186430442974133,0.015016374772995247,0.22041599999999997,0.34722143630082103
qwen7b,nq,SEPs_ridge,16,500,0.328000009059906,0.618956881533101,0.41581320918946224,0.6007124396668109,0.397287560333189,0.37599998712539673,0.41200000047683716,0.3786666691303253,0.006,0.006,0.006,,,,,
llama3b,id,DCP_mlp,28,500,0.568,0.7998255738132499,0.8284540494336825,0.2224212163409472,0.7755787836590529,0.872,0.784,0.6826666666666666,0.05,0.14,0.474,0.23315254167497748,0.047917986427375506,0.0570212071737786,0.245376,0.21033782671497642
llama3b,id,SEPs_logreg,27,500,0.568,0.807511737089202,0.844078179445028,0.21178229334672632,0.7862177066532736,0.904,0.788,0.6853333333333333,0.054,0.25,0.482,0.22044758853975233,0.0431068520691501,0.06504184340892118,0.245376,0.2009754684402067
llama3b,id,SEPs_ridge,27,500,0.568,0.7466418883672403,0.7779544953822055,0.257547781312778,0.740452218687222,0.8,0.736,0.6773333333333333,0.012,0.102,0.284,,,,,
llama3b,id,ARD_mlp,28,500,0.568,0.8014964788732396,0.8350433644399766,0.218023764722434,0.7799762352775659,0.912,0.796,0.6693333333333333,0.048,0.3,0.494,0.17925519588778288,0.003456601302929404,0.0692977530966809,0.245376,0.04973058675222452
llama3b,id,ARD_ridge,27,500,0.568,0.80320813771518,0.8500788922441962,0.2088218734910932,0.7891781265089067,0.928,0.796,0.68,0.126,0.292,0.484,0.18095960807289982,0.004138512500591352,0.06900184836996894,0.245376,0.06397825314792428
llama3b,hotpotqa,DCP_mlp,16,500,0.32600000500679016,0.6570788807777029,0.4594862294549161,0.5599540357333042,0.43804596426669573,0.4320000112056732,0.4359999895095825,0.3786666691303253,0.016,0.016,0.02,0.33051773638717236,0.12855694844594046,0.017188468771031765,0.21972399999999997,0.3136698612570763
llama3b,hotpotqa,SEPs_logreg,16,500,0.32600000500679016,0.6766670914419908,0.5122513689971732,0.5376670053812465,0.46033299461875354,0.4880000054836273,0.4399999976158142,0.3786666691303253,0.002,0.002,0.032,0.26898623118952397,0.07039813859630979,0.019817188775227132,0.21972399999999997,0.25511024948815314
llama3b,hotpotqa,SEPs_ridge,16,500,0.32600000500679016,0.6644335621051864,0.5064450817638726,0.5432731491520948,0.4547268508479052,0.4959999918937683,0.4320000112056732,0.36266666650772095,0.014,0.02,0.022,,,,,
llama3b,nq,DCP_mlp,24,500,0.47600001096725464,0.6126595676438513,0.5542216731552738,0.4466912116189079,0.5513087883810921,0.5680000185966492,0.5600000023841858,0.527999997138977,0.008,0.008,0.01,0.38421047136666936,0.15090996366135595,0.01636825769703116,0.249424,0.37739613315183673
llama3b,nq,SEPs_logreg,12,500,0.47600001096725464,0.6039835781640901,0.5533213155933654,0.4562454426918003,0.5417545573081997,0.6000000238418579,0.5559999942779541,0.5173333287239075,0.0,0.0,0.0,0.3658242798145045,0.12636844260426877,0.010793247808957249,0.249424,0.34162341069523455
llama3b,nq,SEPs_ridge,12,500,0.47600001096725464,0.5378953107960741,0.5042894683204542,0.5006146948342057,0.49738530516579427,0.5120000243186951,0.5,0.4933333396911621,0.002,0.002,0.01,,,,,
qwen72b,id,DCP_mlp,64,500,0.568,0.8425599895670319,0.8770805521931031,0.1887851835836682,0.8092148164163319,0.944,0.824,0.6986666666666667,0.214,0.282,0.582,0.19511178585885045,0.03429564592582394,0.08294352590843498,0.245376,0.1824151394215393
qwen72b,id,SEPs_logreg,64,500,0.568,0.835860067814293,0.8650961869574714,0.19712601177581754,0.8008739882241824,0.904,0.816,0.696,0.09,0.324,0.552,0.19633125660737055,0.035020646252727716,0.08199719410307041,0.245376,0.17852953266579194
qwen72b,id,SEPs_ridge,72,500,0.568,0.7719907407407407,0.7978849649819856,0.24294669156456863,0.7550533084354314,0.856,0.772,0.6773333333333333,0.008,0.04,0.39,,,,,
qwen72b,id,ARD_mlp,64,500,0.568,0.8379140584246217,0.8605694081396424,0.199540615420903,0.798459384579097,0.896,0.816,0.7066666666666667,0.11,0.23,0.586,0.16080196339190375,0.004747111759026654,0.08822626568925693,0.245376,0.04740470606316068
qwen72b,id,ARD_ridge,72,500,0.568,0.8287037037037037,0.85914552888006,0.20135215291567682,0.7966478470843231,0.888,0.836,0.688,0.046,0.214,0.564,0.16679538370022154,0.006112442545551842,0.08485854488072912,0.245376,0.063071450156602
qwen72b,hotpotqa,DCP_mlp,64,500,0.44999998807907104,0.7714666666666666,0.7042427537273537,0.3546913897425471,0.6433086102574528,0.7680000066757202,0.6600000262260437,0.54666668176651,0.0,0.0,0.132,0.2582618254173117,0.06580661844926239,0.05329616924444511,0.24750000000000003,0.25354624012112614
qwen72b,hotpotqa,SEPs_logreg,56,500,0.44999998807907104,0.7909979797979798,0.7160284566382397,0.34591693563878667,0.6520830643612134,0.7519999742507935,0.6639999747276306,0.5546666383743286,0.0,0.0,0.152,0.23768412974568207,0.05016926075680549,0.05792094725926247,0.24750000000000003,0.21843595082009784
qwen72b,hotpotqa,SEPs_ridge,56,500,0.44999998807907104,0.5892363636363637,0.5227858563340828,0.4870683879230492,0.5109316120769508,0.5519999861717224,0.5239999890327454,0.47999998927116394,0.002,0.002,0.012,,,,,
qwen72b,nq,DCP_mlp,64,500,0.5059999823570251,0.6537661423244947,0.6160141254150754,0.39725998371636545,0.6007400162836345,0.6480000019073486,0.6119999885559082,0.5893333554267883,0.002,0.002,0.02,0.33666638234918594,0.11135703178065778,0.02260689981060809,0.249964,0.3240826338976621
qwen72b,nq,SEPs_logreg,56,500,0.5059999823570251,0.7009329343425453,0.6742965225717025,0.3528753688929773,0.6451246311070227,0.671999990940094,0.6520000100135803,0.6000000238418579,0.01,0.01,0.08,0.3008902036868091,0.08830090902326759,0.03640002183141297,0.249964,0.2885989284610001
qwen72b,nq,SEPs_ridge,48,500,0.5059999823570251,0.5970139700116817,0.5712935566353843,0.43753863011060645,0.5604613698893935,0.6000000238418579,0.5720000267028809,0.5519999861717224,0.0,0.0,0.0,,,,,
